Date,Open,High,Low,Close,Volume
2019-01-01,154.4,158.01,152.28,155.89,5820545
2019-01-02,159.14,160.98,156.21,158.05,5551140
2019-01-03,161.44,165.23,158.96,162.75,3778267
2019-01-04,159.0,159.73,157.48,158.2,6413100
2019-01-07,154.95,157.02,153.59,155.66,6121641
2019-01-08,161.24,162.5,158.37,159.63,3284506
2019-01-09,156.61,157.12,155.34,155.86,6133934
2019-01-10,159.42,162.46,157.39,160.43,7428966
2019-01-11,162.19,164.47,160.82,163.11,6716949
2019-01-14,158.26,160.13,155.78,157.65,6132432
2019-01-15,160.24,163.18,157.56,160.5,6365619
2019-01-16,164.5,165.99,163.18,164.67,6632960
2019-01-17,166.36,167.64,163.79,165.08,3023834
2019-01-18,155.09,157.4,153.53,155.84,6046735
2019-01-21,156.41,158.4,154.32,156.32,2395974
2019-01-22,164.35,165.56,162.18,163.39,3509189
2019-01-23,164.69,165.87,162.7,163.88,7541692
2019-01-24,167.93,170.12,165.9,168.09,2981227
2019-01-25,161.62,163.59,159.93,161.9,6905356
2019-01-28,155.6,157.81,155.12,157.33,3957619
2019-01-29,160.52,162.47,159.64,,2469046
2019-01-30,160.58,162.83,158.01,160.26,1679212
2019-01-31,166.36,168.2,164.66,166.5,4837537
2019-02-01,164.16,165.28,162.96,164.08,4158963
2019-02-04,163.85,165.26,161.39,162.81,4579408
2019-02-05,167.87,170.57,166.37,169.06,1301986
2019-02-06,171.94,174.05,170.08,172.18,2876865
2019-02-07,168.55,169.37,167.54,168.36,1027621
2019-02-08,160.41,162.19,159.33,161.11,3117424
2019-02-11,169.04,170.67,165.97,167.6,7520492
2019-02-12,171.76,173.21,169.4,170.85,2066182
2019-02-13,172.97,174.76,170.9,172.68,5825358
2019-02-14,175.4,176.29,172.72,173.61,1040460
2019-02-15,163.92,167.1,162.24,165.42,4932928
2019-02-18,173.0,175.06,170.96,173.01,7446555
2019-02-19,168.95,170.7,166.85,168.59,3387714
2019-02-20,174.47,176.96,172.9,175.39,2380129
2019-02-21,168.69,170.14,166.94,168.39,4993766
2019-02-22,166.32,168.51,165.24,167.43,2952621
2019-02-25,173.87,175.34,171.72,173.18,7241030
2019-02-26,172.62,174.75,169.43,171.56,6942986
2019-02-27,177.33,178.77,175.62,177.06,5566660
2019-02-28,172.83,175.74,171.77,174.68,5473279
2019-03-01,170.37,172.59,169.11,171.34,5217373
2019-03-04,174.98,176.58,172.82,174.42,6147044
2019-03-05,173.03,174.35,171.7,173.01,4221431
2019-03-06,169.29,173.73,167.55,171.98,7788213
2019-03-07,175.1,176.86,172.1,173.86,3419879
2019-03-08,175.03,176.97,172.94,174.89,1062569
2019-03-11,173.04,176.07,170.83,173.86,5889829
2019-03-12,172.53,174.53,169.54,171.54,5635591
2019-03-13,175.68,177.39,174.65,176.36,7866866
2019-03-14,174.79,176.53,173.74,175.48,3767279
2019-03-15,173.61,175.08,171.79,173.26,3973303
2019-03-18,171.63,172.91,168.58,169.85,4934004
2019-03-19,175.55,176.48,172.99,173.93,3745436
2019-03-20,176.37,177.65,174.73,176.01,6494003
2019-03-21,180.06,181.32,178.34,179.6,3996794
2019-03-22,177.48,178.64,175.52,176.69,6485359
2019-03-25,172.67,175.27,171.33,173.93,3978807
2019-03-26,175.73,177.82,173.0,175.09,2575689
2019-03-27,177.96,180.3,176.36,178.7,7934373
2019-03-28,175.92,178.66,172.87,175.61,4685392
2019-03-29,172.06,173.87,170.47,172.28,5947447
2019-04-01,172.8,174.15,170.94,172.29,5138850
2019-04-02,175.85,177.35,174.23,175.73,3514291
2019-04-03,173.57,178.27,171.94,176.64,7804979
2019-04-04,179.17,180.88,177.27,178.99,3600516
2019-04-05,178.62,181.16,175.44,177.98,7951648
2019-04-08,171.75,172.83,170.23,171.3,4015578
2019-04-09,177.09,179.12,175.16,177.19,1158543
2019-04-10,180.13,181.73,176.88,178.49,1256985
2019-04-11,179.02,179.74,178.0,178.71,7815602
2019-04-12,175.66,177.55,173.34,175.22,4694714
2019-04-15,171.88,174.01,168.7,170.83,3713452
2019-04-16,174.23,175.3,172.8,173.87,6679666
2019-04-17,178.33,180.73,176.84,179.23,5320044
2019-04-18,178.49,181.56,177.85,180.92,5623974
2019-04-19,169.75,171.1,168.88,170.23,5798142
2019-04-22,176.39,178.41,173.61,175.63,2388945
2019-04-23,179.82,181.44,178.56,180.18,1617883
2019-04-24,179.63,180.58,177.89,178.83,6096239
2019-04-25,179.7,181.31,177.94,179.55,1152660
2019-04-26,174.71,175.94,172.18,173.42,6036210
2019-04-29,173.22,174.78,171.95,173.51,1909537
2019-04-30,172.64,174.51,170.3,172.17,2837774
2019-05-01,172.92,173.84,171.5,172.41,5954309
2019-05-02,181.2,182.25,178.65,179.7,5360122
2019-05-03,170.47,173.75,168.89,172.17,6470756
2019-05-06,172.26,174.7,170.27,172.71,5276643
2019-05-07,173.69,175.8,170.72,172.84,1334944
2019-05-08,176.48,177.65,173.77,174.93,6878513
2019-05-09,177.14,179.11,174.93,176.9,2510211
2019-05-10,172.27,173.67,171.16,172.56,1952506
2019-05-13,174.47,176.89,171.3,173.72,7149772
2019-05-14,176.4,177.33,174.6,175.53,2363869
2019-05-15,176.51,179.03,174.34,176.87,4752506
2019-05-16,175.62,176.79,174.12,175.29,4401786
2019-05-17,177.02,179.52,173.33,175.84,6386566
2019-05-20,169.77,171.56,166.08,167.88,1309016
2019-05-21,173.15,174.14,171.42,172.41,1746839
2019-05-22,178.04,179.28,176.76,178.0,3909159
2019-05-23,177.12,179.06,175.23,177.17,4312835
2019-05-24,168.31,170.34,165.73,167.76,6517533
2019-05-27,169.03,170.61,167.56,169.15,5240123
2019-05-28,175.55,177.07,173.84,175.36,2041000
2019-05-29,173.93,176.87,172.05,174.99,7852170
2019-05-30,174.33,175.9,171.47,173.03,4219641
2019-05-31,168.17,170.17,167.32,169.31,7752137
2019-06-03,166.76,168.29,165.67,167.19,7928384
2019-06-04,171.23,172.84,169.51,171.13,1361716
2019-06-05,173.95,176.05,169.85,171.96,4541440
2019-06-06,170.77,173.5,168.46,171.19,3954243
2019-06-07,167.26,169.82,165.37,167.93,4488266
2019-06-10,164.43,166.63,162.79,164.98,3169580
2019-06-11,171.54,173.42,168.01,169.88,4911555
2019-06-12,175.18,179.16,174.02,178.0,4445373
2019-06-13,164.19,166.61,162.76,165.19,2302030
2019-06-14,170.73,171.82,166.91,168.0,3019580
2019-06-17,164.7,165.57,163.23,164.11,2030147
2019-06-18,168.02,170.79,166.35,169.12,6905204
2019-06-19,169.88,171.51,168.28,169.92,5741482
2019-06-20,170.75,172.6,168.84,170.69,3712723
2019-06-21,170.02,171.79,167.4,169.17,3770367
2019-06-24,167.76,169.38,164.3,165.92,1553694
2019-06-25,170.84,172.61,168.67,170.45,3029346
2019-06-26,163.81,165.83,162.33,164.35,7470956
2019-06-27,173.41,175.12,170.92,172.62,1219741
2019-06-28,165.58,167.42,164.44,166.28,2022860
2019-07-01,165.54,168.25,163.85,166.57,6922353
2019-07-02,160.95,164.55,159.12,162.71,4642296
2019-07-03,163.64,166.37,162.47,165.2,1226302
2019-07-04,165.86,168.29,164.34,166.76,4428367
2019-07-05,162.02,164.38,160.83,163.2,6249881
2019-07-08,162.58,163.82,161.03,162.27,3415504
2019-07-09,164.72,166.86,163.78,165.92,3673919
2019-07-10,157.8,163.07,155.66,160.94,5419225
2019-07-11,165.93,169.01,163.9,166.97,5190814
2019-07-12,161.76,164.0,159.99,162.23,7320391
2019-07-15,161.06,164.15,158.57,161.67,2733746
2019-07-16,162.2,163.6,159.27,160.68,2932490
2019-07-17,166.65,170.28,163.64,167.27,2087797
2019-07-18,158.93,160.31,156.66,158.05,5654441
2019-07-19,162.71,164.35,161.08,162.72,4733716
2019-07-22,155.9,157.24,154.6,155.94,3428659
2019-07-23,160.84,163.36,159.15,161.67,5869323
2019-07-24,162.98,164.96,161.06,163.04,3636808
2019-07-25,164.32,166.52,162.87,165.08,2368453
2019-07-26,159.2,161.59,156.65,159.03,4778926
2019-07-29,156.44,158.3,154.82,156.68,4054512
2019-07-30,158.17,160.75,156.54,159.12,3837773
2019-07-31,166.2,167.25,164.17,165.21,4112584
2019-08-01,162.05,163.76,159.91,161.62,7399412
2019-08-02,155.61,157.5,154.18,156.06,2511854
2019-08-05,155.44,156.64,154.1,155.3,2930688
2019-08-06,154.59,155.78,153.47,154.67,4955346
2019-08-07,160.78,164.48,157.94,161.65,1326926
2019-08-08,155.6,156.97,154.16,155.53,2021549
2019-08-09,157.94,159.33,157.17,158.56,4964360
2019-08-12,154.5,156.6,153.35,155.45,4568244
2019-08-13,161.16,164.26,159.68,162.78,5569741
2019-08-14,155.48,157.61,153.71,155.84,1794020
2019-08-15,158.6,160.37,156.25,158.03,6977133
2019-08-16,158.73,161.26,156.89,159.43,4398796
2019-08-19,159.65,160.82,155.95,157.13,2085184
2019-08-20,155.01,156.68,152.46,154.13,3181193
2019-08-21,160.14,161.21,157.78,158.84,2592197
2019-08-22,158.14,159.33,156.15,157.34,4165724
2019-08-23,156.8,157.84,153.91,154.95,4285674
2019-08-26,150.61,152.3,149.7,151.4,4036245
2019-08-27,152.19,156.78,150.16,154.75,4227053
2019-08-28,152.78,155.07,150.93,153.22,7355531
2019-08-29,156.87,158.86,154.32,156.31,7714027
2019-08-30,153.77,155.29,152.1,153.62,4429549
2019-09-02,150.66,152.55,148.49,150.38,7741163
2019-09-03,150.39,151.01,148.45,149.07,6729492
2019-09-04,158.65,160.58,156.34,158.27,6739716
2019-09-05,156.51,158.1,154.12,155.71,2579566
2019-09-06,149.0,151.76,147.19,149.94,4068983
2019-09-09,149.02,151.81,147.33,150.12,3464579
2019-09-10,151.28,152.29,148.66,149.67,1675158
2019-09-11,153.15,153.9,152.3,153.05,1525625
2019-09-12,152.46,154.22,151.31,153.08,5357033
2019-09-13,154.31,156.71,152.53,154.93,3945234
2019-09-16,148.75,151.24,146.9,,6780054
2019-09-17,154.59,156.12,153.78,155.3,5680899
2019-09-18,153.28,155.57,152.27,154.56,1596212
2019-09-19,153.55,156.19,152.41,155.05,6867169
2019-09-20,150.41,151.93,149.09,150.61,4472673
2019-09-23,152.16,153.57,151.34,152.75,4961404
2019-09-24,153.14,153.93,151.25,152.03,7759802
2019-09-25,151.82,152.91,150.44,151.53,5480508
2019-09-26,151.14,152.68,149.33,150.87,1156002
2019-09-27,149.86,151.51,148.95,150.61,2240869
2019-09-30,147.29,148.86,145.85,147.41,3984436
2019-10-01,153.76,155.79,151.37,153.4,1260442
2019-10-02,154.35,155.2,152.78,153.63,2172308
2019-10-03,159.52,161.01,158.12,159.61,6541817
2019-10-04,147.49,149.51,144.4,146.42,1999524
2019-10-07,150.25,151.55,148.96,150.25,2169267
2019-10-08,150.03,151.25,148.03,149.24,4532773
2019-10-09,153.07,155.64,150.99,153.56,1638186
2019-10-10,152.42,155.58,151.07,154.23,2789789
2019-10-11,145.68,147.73,143.36,145.41,7562936
2019-10-14,150.83,152.55,148.39,150.11,5420313
2019-10-15,157.05,158.38,155.15,156.48,7744649
2019-10-16,152.92,154.66,150.75,152.49,3479750
2019-10-17,152.54,154.55,150.88,152.89,5313801
2019-10-18,150.8,153.62,148.79,151.61,2669917
2019-10-21,148.14,149.37,146.37,147.59,3650460
2019-10-22,149.56,151.08,147.61,149.13,2222590
2019-10-23,146.08,148.11,144.62,146.65,6832676
2019-10-24,154.15,156.01,151.19,153.04,2288326
2019-10-25,147.25,149.12,146.26,148.13,2433039
2019-10-28,144.28,146.87,142.27,144.86,4246656
2019-10-29,151.98,153.72,148.61,150.35,4005746
2019-10-30,151.91,152.75,150.2,151.04,3196868
2019-10-31,150.44,152.9,148.33,150.8,3499121
2019-11-01,151.03,153.65,148.13,150.75,3065177
2019-11-04,144.9,146.9,142.75,144.75,7388899
2019-11-05,150.17,155.13,147.95,152.91,5062614
2019-11-06,148.27,150.72,146.73,149.18,7438441
2019-11-07,150.17,150.89,149.5,150.22,7907691
2019-11-08,153.11,154.04,152.53,153.46,5556201
2019-11-11,150.9,152.53,149.03,150.65,6779650
2019-11-12,151.59,152.8,149.26,150.47,1775180
2019-11-13,150.8,152.16,149.75,151.12,7645915
2019-11-14,150.95,153.47,149.48,152.0,4375349
2019-11-15,150.72,152.53,148.59,150.4,5994043
2019-11-18,149.04,150.14,148.26,149.36,2717298
2019-11-19,150.66,152.09,149.38,150.81,1668508
2019-11-20,152.77,155.32,150.52,153.06,7194409
2019-11-21,154.13,155.1,150.93,151.89,4146139
2019-11-22,144.26,148.43,142.32,146.5,1968819
2019-11-25,147.33,148.97,146.07,147.72,5609335
2019-11-26,153.38,155.15,151.6,153.38,1380171
2019-11-27,148.42,151.25,146.38,149.2,4153312
2019-11-28,152.18,154.05,149.4,151.28,5931003
2019-11-29,147.35,149.31,144.58,146.54,6042945
2019-12-02,147.81,148.78,146.89,147.86,4173002
2019-12-03,148.36,150.68,146.3,148.63,3589747
2019-12-04,155.49,156.68,154.42,155.6,6868554
2019-12-05,151.61,153.34,149.98,151.72,2293156
2019-12-06,143.79,145.5,142.16,143.87,1522407
2019-12-09,148.64,150.57,146.89,148.83,2097899
2019-12-10,147.34,149.01,145.42,147.08,6607532
2019-12-11,150.28,151.36,148.45,149.53,4289321
2019-12-12,150.42,152.47,149.59,151.65,1261343
2019-12-13,146.93,149.92,145.0,147.98,2181431
2019-12-16,148.47,151.81,146.87,150.22,1196490
2019-12-17,149.14,151.22,146.2,148.27,6700995
2019-12-18,151.41,152.89,149.68,151.16,4229210
2019-12-19,151.43,152.23,150.13,150.93,1476434
2019-12-20,146.62,150.03,144.64,148.05,2549039
2019-12-23,153.12,154.44,150.02,151.34,5315185
2019-12-24,152.21,154.49,150.54,152.82,5156030
2019-12-25,158.23,159.41,156.88,158.06,6735010
2019-12-26,159.39,161.71,156.21,158.53,1180718
2019-12-27,146.52,148.57,145.46,147.51,1485798
2019-12-30,148.42,150.3,147.09,148.96,1247726
2019-12-31,148.31,149.87,146.58,148.13,3758458
2020-01-01,154.26,155.22,150.45,151.41,6090039
2020-01-02,151.38,153.05,149.42,151.08,5641030
2020-01-03,148.69,150.99,144.77,147.08,2471156
2020-01-06,147.7,148.95,145.24,146.49,5600672
2020-01-07,151.88,153.58,149.82,151.52,5594919
2020-01-08,150.28,151.39,150.15,151.27,2339719
2020-01-09,156.83,158.31,154.29,155.77,6249455
2020-01-10,147.16,150.0,145.82,148.66,3956039
2020-01-13,158.8,159.89,156.11,157.2,1415318
2020-01-14,151.35,153.39,149.11,151.15,3734065
2020-01-15,152.3,156.29,150.97,154.95,6388277
2020-01-16,150.38,152.13,148.97,150.72,5873482
2020-01-17,156.93,158.24,154.96,156.28,2878948
2020-01-20,154.38,155.16,153.84,154.62,6298314
2020-01-21,155.79,156.72,154.14,155.08,3726821
2020-01-22,152.2,155.03,150.22,153.05,4221685
2020-01-23,154.44,156.19,153.99,155.74,1606474
2020-01-24,150.05,151.24,148.93,150.12,7979466
2020-01-27,155.92,157.22,154.59,155.89,6870409
2020-01-28,156.46,159.18,154.09,156.81,2364499
2020-01-29,157.96,159.84,154.85,156.73,4925101
2020-01-30,149.11,151.18,147.89,149.96,6462505
2020-01-31,151.33,153.48,148.87,151.02,4532656
2020-02-03,154.05,155.18,152.85,153.98,2475599
2020-02-04,155.92,159.48,153.92,157.48,7779883
2020-02-05,158.35,160.49,157.53,159.67,2881656
2020-02-06,152.15,154.19,150.1,152.14,3341540
2020-02-07,155.99,157.29,152.72,154.01,3601373
2020-02-10,155.53,156.52,153.97,154.96,7235455
2020-02-11,148.8,151.92,147.41,150.53,4500091
2020-02-12,153.94,158.69,152.31,157.05,6037815
2020-02-13,158.23,159.49,156.25,157.5,7308480
2020-02-14,152.24,154.12,150.47,152.34,7499696
2020-02-17,148.7,149.91,146.35,147.56,6995019
2020-02-18,152.9,155.59,151.09,153.78,7354614
2020-02-19,156.57,158.29,154.5,156.22,7637578
2020-02-20,156.56,158.02,154.24,155.71,7937208
2020-02-21,150.79,152.52,149.51,151.24,5501653
2020-02-24,150.41,152.41,148.83,150.84,1921737
2020-02-25,154.84,156.62,153.04,154.82,1793196
2020-02-26,158.32,160.85,155.24,157.77,6572114
2020-02-27,155.38,157.37,153.41,155.4,3212997
2020-02-28,153.2,155.19,150.24,152.22,6631460
2020-03-02,152.16,155.66,149.11,152.62,7543150
2020-03-03,148.17,151.26,146.42,149.5,5510614
2020-03-04,159.66,161.4,155.94,157.68,6350098
2020-03-05,155.52,157.98,153.67,156.13,2952026
2020-03-06,153.08,154.65,152.09,153.65,4041767
2020-03-09,155.68,157.03,154.41,155.75,7756037
2020-03-10,151.28,152.52,149.96,151.21,6717969
2020-03-11,153.23,155.44,151.41,153.62,2430954
2020-03-12,159.01,160.44,157.6,159.03,7554252
2020-03-13,155.64,157.25,154.07,155.68,4497027
2020-03-16,155.74,157.79,153.53,155.57,6907074
2020-03-17,153.81,158.1,151.88,156.16,4650409
2020-03-18,163.17,164.59,159.87,161.29,5227256
2020-03-19,160.68,161.99,159.51,160.83,2132805
2020-03-20,157.83,159.9,155.18,157.25,3370650
2020-03-23,152.69,155.95,150.8,154.07,6057701
2020-03-24,151.55,152.71,150.85,152.02,6896750
2020-03-25,160.74,162.75,159.39,161.41,1622070
2020-03-26,163.56,165.14,160.51,162.09,1538051
2020-03-27,157.51,159.98,155.62,158.09,5851684
2020-03-30,154.83,156.79,152.12,154.07,4129666
2020-03-31,159.84,162.13,158.2,160.49,6940308
2020-04-01,162.17,164.42,160.38,162.63,1477542
2020-04-02,163.2,164.98,161.67,163.45,3445774
2020-04-03,155.35,156.52,152.91,154.07,1248083
2020-04-06,152.71,155.97,151.34,154.6,5965945
2020-04-07,158.53,161.36,157.02,159.85,7004969
2020-04-08,158.66,162.09,157.18,160.61,2097418
2020-04-09,155.41,157.05,154.85,156.5,3267794
2020-04-10,156.27,158.39,154.97,157.08,6921643
2020-04-13,154.98,158.12,153.45,156.59,1290014
2020-04-14,156.41,158.51,155.05,157.15,7664221
2020-04-15,157.45,160.84,156.07,159.46,7208928
2020-04-16,156.44,159.2,154.7,157.46,2068855
2020-04-17,160.57,161.53,158.4,159.36,1972511
2020-04-20,153.12,153.81,152.04,152.72,5843016
2020-04-21,155.06,156.39,153.55,154.87,1070677
2020-04-22,157.71,160.59,155.83,158.71,4540817
2020-04-23,158.44,162.32,156.1,159.98,1461426
2020-04-24,150.17,153.2,148.28,151.31,4720495
2020-04-27,151.41,152.22,150.64,151.45,3451392
2020-04-28,151.95,153.33,149.7,151.08,5945428
2020-04-29,159.16,160.79,156.63,158.26,7164954
2020-04-30,155.29,156.88,153.07,154.66,4421183
2020-05-01,152.28,154.79,150.51,153.02,5492383
2020-05-04,155.27,156.31,154.21,155.25,5202284
2020-05-05,154.02,155.88,152.49,154.34,7894484
2020-05-06,158.86,160.77,157.15,159.06,2616307
2020-05-07,158.61,160.53,154.66,156.58,2672549
2020-05-08,154.66,157.51,153.56,156.42,3649546
2020-05-11,155.15,156.71,153.82,155.38,6156849
2020-05-12,155.98,156.12,154.62,154.76,7056682
2020-05-13,156.91,159.56,155.72,158.37,2946529
2020-05-14,159.92,161.8,158.68,160.56,1769317
2020-05-15,155.19,156.71,154.2,155.72,5260551
2020-05-18,150.02,151.83,148.44,150.24,5183026
2020-05-19,155.93,159.0,154.46,157.53,3623392
2020-05-20,156.13,156.5,155.16,155.53,2290009
2020-05-21,161.87,163.48,159.6,161.21,6949107
2020-05-22,157.45,158.49,155.91,156.95,6925777
2020-05-25,153.25,155.86,151.51,154.12,6232709
2020-05-26,156.64,157.5,155.7,156.56,5053307
2020-05-27,156.67,159.09,155.16,157.57,2829984
2020-05-28,158.21,159.9,156.85,158.54,3821341
2020-05-29,155.26,156.91,151.46,153.11,1479017
2020-06-01,154.1,155.66,152.44,154.0,2748772
2020-06-02,156.62,159.18,155.25,157.81,4153063
2020-06-03,157.12,157.86,156.21,156.94,4057912
2020-06-04,154.84,156.95,154.08,156.19,1562633
2020-06-05,150.98,153.39,149.77,152.18,7703286
2020-06-08,150.74,153.27,149.24,151.78,2877672
2020-06-09,152.52,154.16,151.32,152.97,4564465
2020-06-10,162.45,164.26,159.7,161.51,4256786
2020-06-11,163.11,164.47,161.17,162.53,4286426
2020-06-12,159.82,160.84,158.28,159.29,6915216
2020-06-15,149.47,151.93,148.11,150.57,6223916
2020-06-16,158.18,160.33,156.57,158.72,7073446
2020-06-17,163.46,165.12,161.53,163.19,3653329
2020-06-18,156.35,159.41,153.91,156.98,2856076
2020-06-19,154.76,156.2,153.59,155.04,3991967
2020-06-22,148.69,150.16,146.79,148.25,4930435
2020-06-23,155.54,157.6,153.82,155.89,3358634
2020-06-24,155.2,156.69,153.48,154.97,4220405
2020-06-25,159.02,160.27,156.17,157.42,2056438
2020-06-26,150.1,151.0,149.38,150.28,5086905
2020-06-29,155.29,156.53,152.86,154.11,5996664
2020-06-30,157.27,158.23,155.74,156.71,4690097
2020-07-01,153.0,155.11,152.37,154.47,7111216
2020-07-02,151.42,153.62,150.32,152.52,7969744
2020-07-03,146.48,148.29,145.5,147.31,7339148
2020-07-06,150.56,153.21,148.77,151.42,1650846
2020-07-07,152.87,154.76,151.07,152.96,7165620
2020-07-08,153.72,154.77,152.06,153.1,3335933
2020-07-09,158.59,159.96,155.96,157.33,4162486
2020-07-10,152.76,153.34,151.89,152.46,3883850
2020-07-13,149.32,151.02,148.07,149.77,2988463
2020-07-14,151.22,155.0,149.52,153.3,7140608
2020-07-15,159.81,161.72,157.83,159.74,5465466
2020-07-16,158.05,159.2,156.88,158.03,7768770
2020-07-17,153.44,155.46,151.23,153.25,7682934
2020-07-20,156.59,157.33,153.74,154.48,3938328
2020-07-21,153.49,154.37,151.38,152.25,6089354
2020-07-22,158.3,160.15,155.66,157.51,4516550
2020-07-23,156.33,159.62,153.99,157.29,4463939
2020-07-24,151.71,153.97,149.97,152.23,6177475
2020-07-27,153.09,154.67,151.61,153.19,5821660
2020-07-28,151.16,152.34,150.76,151.93,7382223
2020-07-29,157.13,157.62,156.14,156.63,6407765
2020-07-30,156.04,157.6,154.12,155.68,5354990
2020-07-31,143.46,145.87,142.14,144.55,7434884
2020-08-03,155.11,156.06,152.97,153.92,1716690
2020-08-04,145.87,147.4,144.23,145.76,6342510
2020-08-05,152.9,156.18,151.34,154.62,3745981
2020-08-06,158.4,160.42,156.43,158.45,4032333
2020-08-07,152.63,154.2,150.78,152.35,6471723
2020-08-10,150.19,152.31,147.1,149.22,2915245
2020-08-11,152.24,154.08,150.74,152.58,7185421
2020-08-12,160.8,162.24,158.53,159.97,4499171
2020-08-13,151.81,153.84,149.59,151.63,3443007
2020-08-14,154.69,157.01,153.68,156.0,3297245
2020-08-17,150.56,154.88,147.65,151.97,3946453
2020-08-18,152.54,154.23,149.73,151.42,7599352
2020-08-19,156.87,158.56,153.98,155.67,1718505
2020-08-20,154.83,156.6,152.75,154.51,4555760
2020-08-21,157.53,159.97,153.6,156.04,6845031
2020-08-24,156.2,158.09,153.24,155.14,4304394
2020-08-25,151.76,152.45,150.37,151.07,4962124
2020-08-26,156.08,159.2,153.88,156.99,3437373
2020-08-27,156.84,158.17,153.77,155.1,1953489
2020-08-28,157.71,159.26,155.62,157.17,5475848
2020-08-31,149.85,151.09,148.99,150.23,7439685
2020-09-01,159.2,161.63,157.44,159.87,4640358
2020-09-02,158.32,159.49,156.89,158.06,4024262
2020-09-03,152.5,155.72,150.95,154.17,1903342
2020-09-04,153.23,154.59,151.17,152.53,7613104
2020-09-07,150.78,154.19,148.31,151.73,7084454
2020-09-08,153.35,155.84,150.49,152.98,7313663
2020-09-09,158.52,160.57,157.0,159.04,3513089
2020-09-10,154.97,156.77,153.44,155.24,5377093
2020-09-11,150.01,152.08,148.7,150.77,4028049
2020-09-14,154.36,156.57,152.3,154.52,2642559
2020-09-15,154.83,156.17,151.6,152.94,2439669
2020-09-16,159.89,161.18,157.22,158.51,3686967
2020-09-17,157.74,159.73,155.39,157.38,4873787
2020-09-18,155.32,156.57,154.09,155.34,1854015
2020-09-21,162.91,164.39,160.59,162.07,5914385
2020-09-22,160.85,161.56,159.01,159.72,4204353
2020-09-23,162.06,164.74,160.21,162.89,7168157
2020-09-24,157.9,160.45,155.43,157.98,2951552
2020-09-25,157.22,160.9,155.36,159.04,1361253
2020-09-28,161.79,164.02,158.43,160.67,3184387
2020-09-29,162.28,163.35,159.14,160.21,7813323
2020-09-30,168.12,169.74,166.42,168.04,3253982
2020-10-01,159.76,162.92,158.73,161.89,5926724
2020-10-02,162.41,163.79,160.41,161.8,6903045
2020-10-05,159.59,162.38,157.7,160.49,2990090
2020-10-06,164.43,166.65,162.88,165.09,5498175
2020-10-07,166.01,166.8,164.59,165.38,2431323
2020-10-08,165.43,166.27,164.33,165.18,3535445
2020-10-09,161.52,162.81,160.71,162.0,3072615
2020-10-12,159.16,161.56,157.42,159.81,5706716
2020-10-13,165.45,167.98,162.79,165.32,7130080
2020-10-14,166.82,169.41,164.64,167.23,2766680
2020-10-15,165.51,167.17,164.96,166.62,3039731
2020-10-16,163.39,165.93,161.18,163.72,6746602
2020-10-19,166.26,168.23,163.95,165.92,4239747
2020-10-20,165.94,166.85,165.21,166.12,4591442
2020-10-21,167.03,169.79,165.68,168.44,5940166
2020-10-22,169.86,171.9,166.82,168.87,1963098
2020-10-23,167.73,172.25,165.96,170.47,7103929
2020-10-26,162.17,163.47,161.33,162.62,3556567
2020-10-27,169.81,172.24,168.01,170.43,5609998
2020-10-28,166.99,167.42,166.41,166.84,4025272
2020-10-29,171.77,173.16,169.82,171.21,6271764
2020-10-30,173.3,175.37,170.11,172.18,5281082
2020-11-02,169.24,171.47,167.74,169.96,2213287
2020-11-03,172.51,173.76,170.67,171.92,2314910
2020-11-04,173.51,175.46,171.37,173.32,7141854
2020-11-05,172.65,176.34,170.66,174.36,4637232
2020-11-06,173.35,175.5,169.29,171.45,2930034
2020-11-09,168.19,171.56,166.25,169.62,2002806
2020-11-10,173.91,175.95,171.45,173.49,1898647
2020-11-11,177.5,179.36,175.24,177.11,7439323
2020-11-12,174.67,176.3,172.76,174.39,7833710
2020-11-13,171.07,173.11,169.53,171.57,3754498
2020-11-16,170.8,172.18,168.59,169.97,2411479
2020-11-17,175.89,178.34,174.99,177.45,3932159
2020-11-18,180.6,181.69,179.58,180.67,1956563
2020-11-19,178.76,180.68,177.4,179.32,4847596
2020-11-20,178.24,180.54,176.62,178.92,5382146
2020-11-23,176.58,178.8,173.93,176.15,7897017
2020-11-24,181.04,182.52,178.48,179.96,3232042
2020-11-25,181.41,183.75,179.4,181.75,2384689
2020-11-26,180.96,183.0,178.14,180.18,1933444
2020-11-27,175.98,177.36,174.54,175.93,3640192
2020-11-30,180.88,183.57,179.08,181.77,5207847
2020-12-01,178.06,179.69,176.68,178.32,1466415
2020-12-02,180.51,182.97,178.35,180.81,6312896
2020-12-03,182.14,184.65,180.32,182.83,4220752
2020-12-04,179.83,180.74,178.5,179.4,6552388
2020-12-07,173.92,175.51,172.11,173.69,4245247
2020-12-08,180.91,184.82,178.58,182.5,2088588
2020-12-09,181.4,184.46,179.99,183.05,1150236
2020-12-10,180.63,182.36,178.49,180.21,4898069
2020-12-11,182.52,185.11,180.74,183.33,4776074
2020-12-14,181.93,182.91,180.65,181.63,6695748
2020-12-15,179.78,181.54,177.25,179.0,7140780
2020-12-16,187.91,189.98,187.1,189.18,2127609
2020-12-17,184.53,187.13,183.34,185.94,3202809
2020-12-18,183.49,185.52,179.77,181.81,2453775
2020-12-21,185.98,187.66,183.95,185.63,1746998
2020-12-22,184.43,186.2,183.09,184.85,1016879
2020-12-23,186.37,189.03,184.65,187.3,1576182
2020-12-24,184.47,186.45,183.0,184.98,4672439
2020-12-25,184.79,187.48,183.28,185.98,2063055
2020-12-28,186.71,188.54,184.0,185.83,2362771
2020-12-29,186.19,188.1,185.05,186.97,1824848
2020-12-30,188.37,189.89,185.75,187.27,6069698
2020-12-31,189.17,190.91,187.82,189.57,5449780
2021-01-01,185.5,187.25,184.79,186.54,7735496
2021-01-04,182.97,184.43,181.93,183.39,1780462
2021-01-05,182.89,187.8,180.61,185.52,2461288
2021-01-06,193.67,195.48,191.97,193.79,4189902
2021-01-07,185.22,186.23,184.38,185.39,5543679
2021-01-08,190.85,191.58,189.3,190.03,1910554
2021-01-11,186.48,189.81,185.04,188.37,2482841
2021-01-12,196.48,198.76,193.04,195.32,3950589
2021-01-13,193.89,195.3,191.66,193.07,1126048
2021-01-14,196.48,198.64,193.08,195.23,3766922
2021-01-15,190.2,191.93,188.53,190.26,6309879
2021-01-18,191.4,193.14,188.65,190.39,4686477
2021-01-19,193.3,195.6,192.47,194.77,4038032
2021-01-20,194.87,196.84,192.19,194.16,4415413
2021-01-21,196.89,198.99,195.55,197.66,7627508
2021-01-22,187.6,191.18,185.67,,4643061
2021-01-25,190.47,192.68,189.37,191.59,4740001
2021-01-26,195.1,196.68,193.5,195.09,7515711
2021-01-27,195.86,198.36,194.18,196.68,2102380
2021-01-28,199.68,201.11,197.89,199.31,1671749
2021-01-29,188.17,191.68,186.47,189.98,4148421
2021-02-01,185.6,189.1,184.24,187.73,3230085
2021-02-02,192.54,193.71,189.99,191.16,2420242
2021-02-03,198.8,201.11,195.6,197.9,1836526
2021-02-04,195.43,198.5,193.41,196.48,7146204
2021-02-05,193.16,194.28,192.04,193.16,5300040
2021-02-08,190.72,192.5,187.92,189.7,5836322
2021-02-09,197.49,198.62,195.94,197.07,1826591
2021-02-10,194.94,195.85,193.88,194.79,3388671
2021-02-11,201.29,203.3,198.17,200.19,5345819
2021-02-12,201.84,203.22,201.2,202.57,4694742
2021-02-15,195.66,197.63,193.67,195.63,5864175
2021-02-16,198.5,199.9,197.13,198.52,5686361
2021-02-17,197.73,199.4,196.34,198.01,3893356
2021-02-18,193.23,195.33,191.53,193.62,6480004
2021-02-19,193.59,195.38,191.72,193.52,2817376
2021-02-22,191.27,192.36,190.15,191.24,1561030
2021-02-23,191.71,194.62,189.85,192.76,7393634
2021-02-24,204.03,205.59,201.67,203.23,1157631
2021-02-25,197.91,199.76,197.04,198.88,2985682
2021-02-26,195.95,197.58,194.53,196.17,1801168
2021-03-01,193.73,196.22,191.54,194.03,2622811
2021-03-02,197.4,199.74,194.7,197.04,3764974
2021-03-03,200.09,204.07,198.23,202.21,1907264
2021-03-04,199.59,200.49,197.79,198.7,4266946
2021-03-05,196.9,199.32,195.16,197.58,7491270
2021-03-08,196.26,198.19,193.12,195.04,1955231
2021-03-09,196.01,198.35,194.15,196.49,7486082
2021-03-10,196.11,198.05,194.21,196.15,3878071
2021-03-11,195.93,197.61,192.33,194.01,5147200
2021-03-12,194.92,196.66,193.46,195.2,4091359
2021-03-15,196.48,197.67,194.04,195.24,3216435
2021-03-16,193.7,194.25,193.11,193.66,1763629
2021-03-17,200.02,201.69,197.93,199.6,5153378
2021-03-18,199.51,201.1,197.85,199.44,7416619
2021-03-19,191.86,193.64,189.24,191.02,4645517
2021-03-22,192.71,194.22,191.88,193.39,5194021
2021-03-23,197.1,199.9,195.27,198.08,5506205
2021-03-24,199.24,202.4,196.71,199.87,3719748
2021-03-25,195.13,196.67,193.49,195.03,1844198
2021-03-26,194.85,196.54,193.38,195.07,4548350
2021-03-29,197.31,198.96,194.94,196.6,7082494
2021-03-30,200.29,202.8,196.47,198.98,3199382
2021-03-31,197.63,199.59,196.64,198.6,7100278
2021-04-01,195.71,198.04,194.1,196.44,6980317
2021-04-02,191.81,194.35,190.71,193.25,2713630
2021-04-05,197.7,198.92,194.44,195.67,5025105
2021-04-06,197.05,198.52,195.27,196.74,6232887
2021-04-07,200.61,202.78,197.96,200.13,4464270
2021-04-08,197.28,201.02,194.88,198.62,5895583
2021-04-09,196.81,198.53,195.08,196.81,7376197
2021-04-12,194.06,195.38,192.24,193.55,5390888
2021-04-13,197.05,200.05,194.31,197.31,6865857
2021-04-14,200.58,201.87,198.22,199.5,6606762
2021-04-15,196.95,198.16,193.42,194.64,6689613
2021-04-16,188.33,189.89,187.72,189.28,6966490
2021-04-19,194.98,198.2,192.78,196.0,2579264
2021-04-20,194.25,197.11,192.27,195.13,1128485
2021-04-21,193.74,196.45,189.43,192.14,2071861
2021-04-22,195.15,195.95,193.3,194.1,2747695
2021-04-23,194.48,196.84,192.25,194.62,5830675
2021-04-26,190.76,192.3,189.19,190.73,4569610
2021-04-27,191.66,194.38,189.76,192.47,4280495
2021-04-28,200.55,201.23,198.99,199.66,1063551
2021-04-29,192.29,194.91,190.06,192.67,5785988
2021-04-30,189.41,191.57,187.52,189.67,3549722
2021-05-03,191.96,193.44,189.87,191.35,6324390
2021-05-04,193.32,195.34,191.5,193.51,1789330
2021-05-05,195.73,197.08,194.61,195.96,3067194
2021-05-06,195.42,196.63,194.19,,1382889
2021-05-07,191.57,192.84,189.51,190.77,2992553
2021-05-10,191.78,192.35,189.56,190.13,7463495
2021-05-11,190.44,192.37,187.93,189.86,4435820
2021-05-12,193.81,195.9,190.91,193.0,4076897
2021-05-13,191.93,193.27,190.78,192.13,2914845
2021-05-14,188.42,190.8,186.75,189.13,2854092
2021-05-17,190.63,192.0,188.61,189.98,5671066
2021-05-18,191.5,193.16,189.66,191.33,7896237
2021-05-19,190.7,193.31,189.51,192.12,6227113
2021-05-20,188.66,190.05,187.6,188.99,6158950
2021-05-21,187.81,189.92,185.79,187.9,4304272
2021-05-24,186.22,188.2,184.75,186.73,1690471
2021-05-25,190.61,193.12,186.61,189.13,6066598
2021-05-26,196.53,198.05,194.52,196.05,6661076
2021-05-27,189.99,191.03,187.58,188.62,4573062
2021-05-28,187.79,189.91,185.41,187.53,1640566
2021-05-31,187.2,189.02,185.3,187.12,5990102
2021-06-01,186.39,189.19,184.53,187.33,7447451
2021-06-02,195.93,198.03,193.82,195.92,2574777
2021-06-03,187.87,189.04,186.68,187.85,2116087
2021-06-04,184.44,187.24,183.0,185.81,6171901
2021-06-07,181.21,183.17,179.8,181.75,3322798
2021-06-08,184.47,185.64,183.61,184.79,6005868
2021-06-09,188.66,190.02,186.87,188.24,5922224
2021-06-10,188.65,190.82,186.02,188.19,2866239
2021-06-11,183.42,185.62,181.8,184.0,1295825
2021-06-14,185.89,186.71,184.59,185.42,4891796
2021-06-15,183.31,184.21,182.59,183.49,3854383
2021-06-16,182.31,187.51,179.98,185.18,6987181
2021-06-17,191.92,193.86,190.46,192.4,3505853
2021-06-18,184.69,185.86,182.43,183.61,2746658
2021-06-21,177.88,180.92,176.52,179.56,7021252
2021-06-22,181.7,182.46,180.83,181.59,6151858
2021-06-23,184.8,187.01,181.01,183.22,5328538
2021-06-24,185.37,187.43,184.07,186.13,7677767
2021-06-25,179.86,182.04,177.67,179.85,6480985
2021-06-28,178.5,181.33,176.97,179.8,7063693
2021-06-29,183.67,185.88,179.82,182.04,6593016
2021-06-30,185.9,187.61,184.27,185.98,3810640
2021-07-01,181.57,183.5,179.6,181.53,1436487
2021-07-02,178.82,180.67,175.6,177.46,5250454
2021-07-05,180.46,182.27,177.99,179.8,6354251
2021-07-06,182.01,184.56,180.34,182.89,7942390
2021-07-07,183.27,185.3,181.88,183.92,5771266
2021-07-08,180.5,182.95,177.54,180.0,4979061
2021-07-09,180.47,182.15,179.43,181.1,5030004
2021-07-12,174.18,177.8,172.68,176.3,1805193
2021-07-13,178.2,179.76,176.69,178.26,1051616
2021-07-14,177.75,180.93,176.05,179.23,1318015
2021-07-15,185.0,186.29,182.1,183.38,7334128
2021-07-16,178.7,180.36,176.87,178.52,6532201
2021-07-19,176.4,178.72,174.99,177.31,2821226
2021-07-20,179.62,181.03,178.91,180.32,3965398
2021-07-21,183.78,187.18,182.28,185.67,4385306
2021-07-22,172.34,174.39,171.39,173.44,2727690
2021-07-23,173.64,174.27,171.99,172.62,3958738
2021-07-26,173.1,174.67,169.3,170.87,3433704
2021-07-27,173.36,175.1,170.89,172.63,5863498
2021-07-28,174.14,175.99,172.37,174.23,6301610
2021-07-29,174.38,176.6,172.6,174.82,1689021
2021-07-30,168.04,169.53,167.5,168.99,4256731
2021-08-02,174.16,174.98,171.28,172.1,7938655
2021-08-03,173.41,176.09,170.92,173.6,7079496
2021-08-04,179.76,180.73,176.67,177.64,6556343
2021-08-05,178.19,179.99,174.99,176.79,6144479
2021-08-06,172.42,175.31,171.26,174.16,1030274
2021-08-09,169.92,172.13,168.38,170.59,7818099
2021-08-10,178.55,180.41,177.37,179.22,6146318
2021-08-11,176.76,178.62,174.98,176.84,7219526
2021-08-12,170.95,172.58,169.38,171.01,7362268
2021-08-13,172.96,174.24,168.69,169.96,2781830
2021-08-16,165.83,167.88,164.86,166.91,1096720
2021-08-17,173.46,175.1,171.6,173.23,5613414
2021-08-18,175.92,176.81,174.41,175.3,4212839
2021-08-19,173.96,175.67,172.25,173.96,1143801
2021-08-20,177.12,179.93,174.19,177.01,2895662
2021-08-23,171.12,174.34,168.95,172.17,7937747
2021-08-24,174.97,176.83,173.0,174.86,3543591
2021-08-25,173.27,174.73,171.31,172.76,2827042
2021-08-26,172.27,172.8,171.41,171.94,5581862
2021-08-27,171.3,172.13,169.89,170.73,5653565
2021-08-30,171.16,173.31,167.61,169.75,3324737
2021-08-31,167.48,168.58,165.44,166.54,6944075
2021-09-01,172.09,173.24,170.87,172.02,5062154
2021-09-02,169.98,172.57,168.57,171.15,2123252
2021-09-03,166.7,168.27,165.73,167.3,3274867
2021-09-06,164.53,165.64,163.64,164.75,6935155
2021-09-07,168.28,169.76,166.56,168.03,1625299
2021-09-08,170.55,172.08,169.5,171.03,1085719
2021-09-09,169.41,171.47,168.28,170.34,5595506
2021-09-10,167.51,169.8,166.4,168.7,4093839
2021-09-13,167.67,171.08,165.91,169.32,2769827
2021-09-14,167.48,169.1,166.1,167.72,4304263
2021-09-15,167.71,170.59,166.3,169.18,2285090
2021-09-16,169.68,172.48,167.88,170.68,3618634
2021-09-17,167.74,169.57,166.31,168.14,2637325
2021-09-20,163.5,166.19,162.14,164.83,5104693
2021-09-21,170.49,172.23,168.38,170.11,5715429
2021-09-22,173.82,175.65,171.24,173.08,7403896
2021-09-23,172.0,173.97,170.57,172.55,1474235
2021-09-24,170.46,172.43,168.92,170.89,3288923
2021-09-27,163.83,164.94,162.18,163.29,2851095
2021-09-28,166.57,168.35,165.5,167.28,5054819
2021-09-29,168.16,170.82,166.27,168.94,4731908
2021-09-30,169.22,170.94,166.3,168.02,7142237
2021-10-01,164.55,166.28,161.94,163.67,7433127
2021-10-04,160.91,162.55,158.66,160.3,6410967
2021-10-05,167.41,168.93,164.96,166.48,2392393
2021-10-06,165.05,168.87,163.2,167.02,1285132
2021-10-07,168.78,170.75,165.46,167.43,7294118
2021-10-08,162.23,164.19,159.88,161.84,7599535
2021-10-11,160.87,162.32,158.41,159.86,2752695
2021-10-12,166.42,168.61,163.84,166.03,1326528
2021-10-13,168.27,169.88,166.61,168.22,5764198
2021-10-14,168.45,170.54,166.63,168.72,5121309
2021-10-15,169.87,171.51,167.86,169.51,7221839
2021-10-18,163.15,165.09,161.53,163.46,5027475
2021-10-19,167.33,168.46,165.33,166.46,6322398
2021-10-20,163.3,166.73,161.45,164.88,6504731
2021-10-21,163.18,166.65,160.26,163.73,1068542
2021-10-22,170.09,171.4,166.73,168.04,2039101
2021-10-25,160.42,162.58,158.89,161.05,6460077
2021-10-26,162.89,164.41,161.62,163.13,2255592
2021-10-27,167.38,169.52,166.12,168.26,2442911
2021-10-28,167.95,170.22,165.34,167.61,6264748
2021-10-29,161.47,163.37,160.3,162.2,2431550
2021-11-01,161.85,163.3,160.59,162.04,2046533
2021-11-02,169.44,170.14,167.88,168.59,1094406
2021-11-03,165.59,167.41,164.47,166.29,4286115
2021-11-04,164.42,165.06,162.98,163.63,5457672
2021-11-05,166.84,168.65,164.2,166.01,6121536
2021-11-08,165.18,168.08,161.22,164.12,7339040
2021-11-09,164.18,165.5,162.72,164.04,5558693
2021-11-10,167.91,168.57,164.0,164.67,6295088
2021-11-11,167.21,169.16,164.21,166.16,2474229
2021-11-12,165.32,166.46,163.86,165.0,3383063
2021-11-15,166.04,169.07,163.89,166.92,3127721
2021-11-16,163.68,165.14,162.33,163.78,1455248
2021-11-17,169.84,171.03,167.23,168.41,7782824
2021-11-18,170.86,172.27,167.73,169.15,2688854
2021-11-19,161.02,162.9,157.66,159.54,4140694
2021-11-22,168.75,170.13,166.57,167.96,3498615
2021-11-23,163.96,166.47,162.71,165.22,1311202
2021-11-24,171.52,172.92,169.63,171.03,7323428
2021-11-25,169.12,171.22,168.25,170.36,2537094
2021-11-26,168.48,171.66,166.78,169.97,1702945
2021-11-29,168.26,168.87,167.41,168.02,3397045
2021-11-30,164.07,165.35,162.27,163.55,2006378
2021-12-01,171.05,172.93,168.26,170.14,7996425
2021-12-02,172.45,174.1,170.3,171.95,2322979
2021-12-03,169.17,170.96,166.84,168.64,3118840
2021-12-06,168.69,171.14,167.22,169.67,2898345
2021-12-07,172.06,174.25,169.97,172.16,1184770
2021-12-08,172.62,176.09,170.66,174.12,1090270
2021-12-09,169.08,172.81,167.36,171.09,4590451
2021-12-10,164.55,166.51,161.84,163.8,2629052
2021-12-13,166.39,169.02,164.51,167.14,1585237
2021-12-14,173.22,174.5,171.07,172.35,2918473
2021-12-15,172.58,173.41,170.65,171.48,3968542
2021-12-16,174.48,176.81,172.77,175.1,7946682
2021-12-17,174.17,175.94,171.81,173.58,3148232
2021-12-20,170.2,172.9,168.15,170.86,5932469
2021-12-21,163.49,166.37,162.46,165.34,6379389
2021-12-22,171.9,172.94,170.73,171.77,1354666
2021-12-23,178.59,180.79,176.86,,4509233
2021-12-24,169.83,171.74,168.37,170.27,4140807
2021-12-27,167.39,167.95,164.86,165.41,4553864
2021-12-28,174.3,177.51,172.61,175.82,2201462
2021-12-29,175.5,176.07,174.54,175.11,4255475
2021-12-30,176.74,178.76,175.71,177.74,1860612
2021-12-31,174.18,176.36,171.1,173.27,7620788
2022-01-03,173.25,175.66,170.54,172.95,5109457
2022-01-04,175.55,176.45,174.28,175.18,1241582
2022-01-05,177.45,179.73,176.12,178.4,4539591
2022-01-06,180.72,183.01,179.2,181.49,7484341
2022-01-07,176.01,178.4,172.69,175.08,6200066
2022-01-10,169.62,170.88,166.6,,2910646
2022-01-11,175.49,176.75,173.74,175.01,7246143
2022-01-12,177.74,180.91,175.46,178.64,2298660
2022-01-13,178.53,179.84,176.87,178.19,2726773
2022-01-14,173.94,175.8,169.65,171.51,2084992
2022-01-17,174.13,174.89,173.26,174.03,7460943
2022-01-18,177.2,178.62,174.33,175.74,6018373
2022-01-19,181.84,183.25,181.17,182.58,4625942
2022-01-20,173.82,174.84,172.85,173.87,5675399
2022-01-21,172.72,174.64,170.18,172.1,2811844
2022-01-24,172.21,173.68,170.34,171.81,1494605
2022-01-25,172.61,174.72,171.27,173.38,6920500
2022-01-26,173.51,175.44,172.38,174.31,7749487
2022-01-27,169.94,171.33,167.56,168.95,1248709
2022-01-28,173.33,174.98,170.49,172.14,1361795
2022-01-31,175.33,177.32,171.82,173.82,4916565
2022-02-01,176.21,176.4,174.22,174.4,1301178
2022-02-02,182.89,183.97,181.67,182.76,6051350
2022-02-03,176.35,178.24,174.77,176.66,7617481
2022-02-04,178.3,179.75,175.5,176.95,2959843
2022-02-07,174.34,176.04,171.93,173.63,3060443
2022-02-08,176.3,178.92,174.67,177.28,7044443
2022-02-09,176.98,179.36,175.63,178.02,3493295
2022-02-10,180.49,181.72,178.76,179.99,2681991
2022-02-11,173.55,175.11,172.18,173.73,1589942
2022-02-14,173.72,175.82,171.65,173.75,6879119
2022-02-15,176.92,178.06,174.71,175.85,7481348
2022-02-16,177.12,178.59,174.9,176.37,1549814
2022-02-17,178.67,180.26,175.74,177.34,6620638
2022-02-18,177.28,181.49,175.0,179.21,2119493
2022-02-21,171.91,173.26,170.31,171.66,1972047
2022-02-22,176.19,178.17,173.52,175.5,3666892
2022-02-23,178.9,182.54,176.78,180.42,4056828
2022-02-24,178.17,180.29,176.7,178.83,6978388
2022-02-25,171.55,173.79,170.16,172.39,5898248
2022-02-28,164.86,166.19,163.5,164.83,2012097
2022-03-01,176.0,177.37,173.0,174.38,5088513
2022-03-02,171.85,173.77,167.9,169.82,7128067
2022-03-03,177.31,179.74,175.69,178.12,5634720
2022-03-04,173.02,174.64,170.88,172.5,2608120
2022-03-07,173.24,174.18,171.75,172.68,1901835
2022-03-08,170.73,171.75,169.33,170.35,4167558
2022-03-09,171.97,174.54,169.0,171.57,4305358
2022-03-10,175.09,176.5,173.38,174.79,3469140
2022-03-11,172.75,173.87,169.95,171.07,1764844
2022-03-14,169.85,172.06,166.53,168.74,1826883
2022-03-15,171.04,173.75,169.4,172.1,4702899
2022-03-16,181.74,183.53,179.15,180.94,7610168
2022-03-17,176.63,178.07,174.31,175.74,5185553
2022-03-18,174.43,175.77,172.77,174.11,4067248
2022-03-21,173.7,175.11,171.15,172.57,7518987
2022-03-22,177.3,178.11,176.31,177.12,5832318
2022-03-23,175.4,176.85,173.74,175.2,6025413
2022-03-24,170.4,172.05,168.63,170.28,5026873
2022-03-25,170.03,174.47,167.6,172.05,6340202
2022-03-28,173.6,175.22,172.06,173.68,4512011
2022-03-29,170.93,171.93,170.6,171.6,5354461
2022-03-30,175.82,178.46,174.37,177.01,5316043
2022-03-31,176.55,179.42,172.25,175.12,6268552
2022-04-01,177.97,179.9,175.53,177.47,7288396
2022-04-04,174.99,176.12,173.9,175.02,3059861
2022-04-05,176.31,178.67,174.51,176.87,5895186
2022-04-06,179.14,180.27,177.71,178.84,1221595
2022-04-07,177.6,178.42,175.78,176.61,4727360
2022-04-08,173.5,175.65,172.17,174.33,7290975
2022-04-11,170.04,171.59,168.49,170.04,5516301
2022-04-12,170.64,171.2,169.2,169.77,2873885
2022-04-13,176.02,178.88,175.1,177.96,5244759
2022-04-14,177.56,179.13,176.06,177.62,3504218
2022-04-15,175.8,177.52,174.5,176.22,4031848
2022-04-18,176.31,178.14,174.61,176.45,2596681
2022-04-19,177.79,179.19,176.9,178.29,5373348
2022-04-20,173.69,175.55,171.7,173.55,2388368
2022-04-21,176.14,177.04,173.3,174.21,4104988
2022-04-22,173.12,175.76,170.8,173.44,7574746
2022-04-25,177.67,178.31,176.73,177.37,6303300
2022-04-26,179.27,180.22,176.32,177.28,3900489
2022-04-27,177.54,179.8,175.83,178.09,7782387
2022-04-28,175.05,177.38,170.9,173.24,1097637
2022-04-29,168.9,170.56,167.24,168.89,7719057
2022-05-02,173.91,175.69,170.34,172.12,3464925
2022-05-03,170.48,171.98,168.22,,6745150
2022-05-04,174.03,175.02,172.74,173.73,7632635
2022-05-05,173.31,174.63,172.05,173.37,5212312
2022-05-06,174.16,175.68,173.27,174.79,5273451
2022-05-09,168.36,169.22,167.42,168.28,6245323
2022-05-10,165.46,167.16,162.86,164.56,2678237
2022-05-11,174.13,175.08,173.19,174.14,2246338
2022-05-12,169.81,171.78,168.15,170.12,3405688
2022-05-13,168.81,169.91,167.96,169.06,4353129
2022-05-16,168.8,170.45,166.16,167.81,6200131
2022-05-17,170.88,172.14,168.4,169.66,2801133
2022-05-18,174.24,177.11,172.04,174.91,4953486
2022-05-19,167.1,169.43,165.44,167.77,1024464
2022-05-20,167.38,169.5,164.88,167.0,1216472
2022-05-23,170.21,171.33,167.56,168.68,7767163
2022-05-24,168.93,170.46,166.26,167.79,6952044
2022-05-25,166.76,169.02,165.75,168.01,7046939
2022-05-26,172.37,173.93,171.08,172.64,3301020
2022-05-27,169.05,171.35,167.68,169.98,4595890
2022-05-30,165.25,166.66,164.11,165.52,5722926
2022-05-31,164.28,165.17,161.78,162.67,2779066
2022-06-01,169.97,172.18,169.17,171.39,6211132
2022-06-02,162.81,164.76,162.48,164.43,5850826
2022-06-03,165.7,167.5,164.72,166.52,3850889
2022-06-06,162.82,164.63,160.72,162.53,4043607
2022-06-07,165.13,165.83,163.81,164.51,3151472
2022-06-08,168.76,169.58,167.51,168.33,6623446
2022-06-09,168.95,171.34,165.38,,7908316
2022-06-10,162.21,165.16,161.03,163.98,7996626
2022-06-13,166.8,168.46,163.95,165.61,6399778
2022-06-14,165.15,167.28,163.33,165.46,3443578
2022-06-15,172.09,173.92,169.53,171.36,6467568
2022-06-16,167.37,169.43,166.63,168.7,2710821
2022-06-17,164.04,165.43,162.66,164.04,7276012
2022-06-20,162.77,163.46,161.84,162.54,2871677
2022-06-21,164.82,167.54,160.94,163.66,3820072
2022-06-22,169.15,171.44,168.45,170.73,1653423
2022-06-23,167.84,168.81,166.83,167.8,1569500
2022-06-24,158.92,160.98,157.94,160.0,3758323
2022-06-27,163.87,164.62,162.61,163.36,4851411
2022-06-28,165.27,167.45,162.32,164.5,1121975
2022-06-29,174.46,177.17,170.46,173.17,6923187
2022-06-30,163.83,165.63,162.57,164.37,1800768
2022-07-01,162.95,163.79,161.19,162.03,7988804
2022-07-04,169.33,169.71,167.59,167.97,2901870
2022-07-05,169.73,172.75,168.35,171.37,3652975
2022-07-06,169.63,170.97,167.68,169.02,2119039
2022-07-07,169.67,170.84,167.53,168.71,6770974
2022-07-08,169.34,171.21,167.73,169.6,6125113
2022-07-11,159.55,162.46,157.85,160.76,1549860
2022-07-12,165.13,166.79,162.52,164.18,1739233
2022-07-13,168.99,171.53,167.65,170.19,5263861
2022-07-14,173.87,175.0,172.92,174.05,7061958
2022-07-15,166.12,167.99,164.29,166.16,1768693
2022-07-18,167.4,168.91,165.18,166.68,2547801
2022-07-19,171.75,174.32,169.81,172.38,4817423
2022-07-20,176.47,179.05,174.58,177.16,1760134
2022-07-21,169.96,170.75,169.07,169.86,3131891
2022-07-22,169.5,170.28,167.71,168.49,1070746
2022-07-25,174.68,175.8,171.27,172.39,4494103
2022-07-26,164.96,167.44,163.99,166.46,6006435
2022-07-27,175.76,177.64,173.57,175.44,3883853
2022-07-28,168.97,171.73,167.29,170.06,2796317
2022-07-29,171.84,173.89,168.77,170.82,3970521
2022-08-01,168.43,171.07,166.74,169.37,4566490
2022-08-02,169.59,171.87,167.99,170.27,2160031
2022-08-03,171.65,174.34,169.55,172.24,1781312
2022-08-04,174.59,176.4,172.86,174.67,2272721
2022-08-05,174.51,176.05,172.66,174.19,7897071
2022-08-08,171.51,173.75,168.79,171.03,6060661
2022-08-09,174.09,175.65,172.53,174.1,1877693
2022-08-10,176.84,179.52,175.5,178.17,3109536
2022-08-11,174.57,175.65,172.76,173.85,3883481
2022-08-12,175.92,177.83,174.07,175.97,2268447
2022-08-15,176.8,178.92,173.52,175.64,6961546
2022-08-16,181.77,183.95,180.3,182.48,7584091
2022-08-17,176.07,179.83,173.92,177.68,2714208
2022-08-18,175.71,176.26,175.19,175.74,1115827
2022-08-19,177.68,179.15,174.91,176.38,2868802
2022-08-22,174.68,176.16,173.04,174.52,5077711
2022-08-23,172.83,174.17,171.69,173.03,6659496
2022-08-24,175.21,178.77,172.51,176.08,3376822
2022-08-25,179.77,181.24,176.55,178.01,2913377
2022-08-26,170.58,172.91,169.28,171.61,2742047
2022-08-29,171.07,173.31,169.56,171.79,1020099
2022-08-30,176.7,177.19,175.63,176.13,1098137
2022-08-31,178.93,181.9,177.81,180.78,3995396
2022-09-01,178.32,180.31,175.05,177.04,5322869
2022-09-02,172.05,173.24,170.24,171.43,1087746
2022-09-05,171.73,172.81,169.74,170.83,2401961
2022-09-06,176.23,178.38,173.51,175.67,7368545
2022-09-07,178.02,180.35,175.85,178.18,7930493
2022-09-08,179.08,181.9,177.32,180.15,5492692
2022-09-09,174.88,176.29,173.61,175.02,4651711
2022-09-12,174.7,177.06,173.32,175.68,5081099
2022-09-13,178.09,179.19,176.5,177.6,3593405
2022-09-14,181.76,182.77,179.96,180.96,2411126
2022-09-15,186.03,187.01,183.58,184.56,3631614
2022-09-16,181.14,182.34,179.58,180.77,5899623
2022-09-19,179.57,180.55,177.66,178.65,5638399
2022-09-20,179.69,180.7,178.97,179.98,5740782
2022-09-21,182.17,184.26,180.56,182.65,5261045
2022-09-22,184.6,186.21,182.51,184.12,1423245
2022-09-23,182.15,184.89,179.8,182.54,5385259
2022-09-26,178.2,179.36,176.76,177.93,7165925
2022-09-27,181.49,184.2,179.84,182.55,5542254
2022-09-28,179.57,182.1,177.91,180.45,5055893
2022-09-29,186.04,187.41,184.03,185.4,2567674
2022-09-30,184.69,186.57,181.93,183.81,6547268
2022-10-03,179.89,182.76,178.0,180.88,4160998
2022-10-04,189.63,191.29,187.3,188.96,2840398
2022-10-05,183.78,185.68,182.4,184.31,4428899
2022-10-06,186.68,188.0,185.34,186.66,1854334
2022-10-07,185.29,186.11,183.06,183.87,7484789
2022-10-10,184.18,185.28,182.28,183.37,5917147
2022-10-11,187.05,188.24,185.07,186.25,3285852
2022-10-12,190.87,191.81,188.02,188.96,6557178
2022-10-13,189.76,192.19,188.04,190.47,1379213
2022-10-14,188.27,191.36,186.17,189.26,3702234
2022-10-17,184.44,186.2,183.39,185.16,5559694
2022-10-18,189.96,191.86,188.32,190.21,1165845
2022-10-19,187.31,190.65,186.33,189.67,5961082
2022-10-20,193.34,194.89,191.99,193.54,6727778
2022-10-21,187.26,188.96,186.1,187.8,5158911
2022-10-24,192.71,194.51,190.13,191.93,2442657
2022-10-25,197.91,199.07,196.39,197.55,6243590
2022-10-26,194.1,196.71,192.1,194.7,3373223
2022-10-27,189.7,191.08,187.73,189.11,6151273
2022-10-28,191.58,192.76,189.68,190.86,5397617
2022-10-31,194.39,196.03,193.52,195.16,1653859
2022-11-01,195.64,197.76,194.01,196.13,1699683
2022-11-02,195.57,199.74,193.62,197.79,1106144
2022-11-03,197.98,200.71,196.35,199.07,1503970
2022-11-04,194.85,198.21,192.23,195.59,3097601
2022-11-07,197.04,199.25,194.75,196.96,1179926
2022-11-08,198.09,200.38,196.74,199.04,7569303
2022-11-09,202.97,204.82,201.63,203.48,7416479
2022-11-10,198.74,201.7,197.01,199.97,2208253
2022-11-11,199.38,200.46,198.12,199.2,3179679
2022-11-14,196.27,198.36,193.76,195.85,6195345
2022-11-15,197.74,199.42,195.65,197.33,5624611
2022-11-16,206.34,207.97,204.7,206.33,5071334
2022-11-17,200.4,203.79,198.56,201.94,7924646
2022-11-18,199.75,202.73,197.39,200.37,5408564
2022-11-21,197.39,199.38,195.81,197.8,5686155
2022-11-22,197.91,199.76,196.47,198.32,4514628
2022-11-23,202.58,204.83,200.25,202.5,4675663
2022-11-24,206.9,208.89,203.49,205.48,3037236
2022-11-25,201.53,202.87,199.37,200.71,4646439
2022-11-28,193.8,196.29,192.3,194.79,7427201
2022-11-29,202.0,203.6,199.72,201.32,3638420
2022-11-30,209.73,211.41,207.41,209.09,1932562
2022-12-01,202.95,204.58,202.13,203.76,5198457
2022-12-02,198.42,199.15,196.84,197.57,6496376
2022-12-05,205.35,206.57,204.29,205.51,7711539
2022-12-06,203.58,206.01,202.56,204.99,4795148
2022-12-07,205.39,206.57,203.76,204.94,6516308
2022-12-08,203.9,205.71,201.86,203.68,2753301
2022-12-09,204.61,206.26,203.2,204.84,3969586
2022-12-12,200.61,202.25,199.01,200.65,3933292
2022-12-13,207.23,208.83,206.34,207.94,3327113
2022-12-14,209.74,211.01,207.86,209.13,6013135
2022-12-15,207.61,209.45,205.82,207.66,7184720
2022-12-16,205.27,207.06,203.3,205.1,3286055
2022-12-19,203.91,205.05,202.41,203.55,1950500
2022-12-20,208.05,210.79,206.47,209.21,6778027
2022-12-21,206.5,209.99,203.9,207.4,6947096
2022-12-22,202.52,206.22,201.03,204.73,7544402
2022-12-23,208.67,209.83,206.95,208.11,2785537
2022-12-26,206.62,209.24,205.21,207.83,6033279
2022-12-27,209.8,211.35,208.13,209.67,6009404
2022-12-28,212.8,214.22,211.0,212.43,6530152
2022-12-29,210.88,212.36,208.79,210.28,6643544
2022-12-30,209.34,211.32,208.56,,7667600
2023-01-02,207.51,208.59,206.49,207.57,4338975
2023-01-03,210.36,211.79,207.27,208.69,1531390
2023-01-04,213.18,214.6,210.05,211.47,2345987
2023-01-05,217.87,219.09,215.67,216.89,7206340
2023-01-06,204.9,206.31,203.15,204.56,6913374
2023-01-09,208.68,211.21,207.15,209.68,1077492
2023-01-10,207.0,208.95,204.34,206.29,3572558
2023-01-11,212.49,214.1,211.04,212.65,2716272
2023-01-12,211.78,213.48,209.52,211.22,3244761
2023-01-13,204.77,206.63,203.54,205.4,5471567
2023-01-16,210.24,212.19,208.45,210.41,4570113
2023-01-17,211.68,213.37,209.83,211.52,4366282
2023-01-18,210.0,211.93,207.82,209.76,4045603
2023-01-19,217.07,218.92,214.71,216.57,5491303
2023-01-20,214.88,217.26,213.09,215.46,5781365
2023-01-23,213.73,216.52,212.28,215.07,1304311
2023-01-24,216.26,217.88,213.01,214.63,1960384
2023-01-25,219.33,221.36,214.81,216.84,3388180
2023-01-26,219.6,220.77,217.98,219.15,4049827
2023-01-27,216.46,218.97,215.28,217.79,7973520
2023-01-30,214.66,217.03,213.07,215.44,7241912
2023-01-31,213.15,214.86,210.93,212.64,5541399
2023-02-01,218.84,219.93,216.41,217.5,1252438
2023-02-02,216.3,218.98,214.84,217.51,1704826
2023-02-03,209.59,211.17,208.14,209.72,4201368
2023-02-06,214.81,215.21,214.23,214.62,5109344
2023-02-07,222.29,223.68,220.04,221.43,5623723
2023-02-08,218.96,220.72,217.53,219.3,1993556
2023-02-09,218.94,221.92,217.52,220.5,7213977
2023-02-10,214.55,216.76,211.72,213.93,4452571
2023-02-13,213.27,214.16,211.25,,5156503
2023-02-14,215.62,216.79,214.53,215.7,1275168
2023-02-15,215.94,216.14,215.35,215.54,6771389
2023-02-16,214.92,216.65,213.66,215.39,4801360
2023-02-17,217.12,219.27,215.82,217.96,2558837
2023-02-20,218.95,220.2,216.68,217.92,3231982
2023-02-21,214.8,216.85,212.36,214.41,3469666
2023-02-22,222.04,223.97,219.62,221.55,1189399
2023-02-23,219.71,221.25,216.67,218.21,7594925
2023-02-24,215.42,217.79,214.11,216.48,6620925
2023-02-27,215.39,217.96,213.38,215.94,7201825
2023-02-28,219.55,221.04,217.9,219.39,3475481
2023-03-01,218.29,219.94,217.2,218.85,4905670
2023-03-02,221.47,222.12,220.05,220.69,4207827
2023-03-03,215.14,216.61,213.86,215.33,4328418
2023-03-06,214.1,216.97,212.23,215.1,5122506
2023-03-07,213.53,216.17,210.82,213.46,4157471
2023-03-08,223.34,224.87,221.64,223.17,6412694
2023-03-09,219.25,220.37,217.2,218.31,1411527
2023-03-10,216.49,217.4,215.19,216.1,2348530
2023-03-13,209.56,211.34,207.33,209.1,7246639
2023-03-14,214.05,214.66,213.11,213.73,7176402
2023-03-15,221.48,223.44,219.7,221.66,6727046
2023-03-16,217.79,220.41,215.88,218.5,3581266
2023-03-17,210.73,212.45,208.73,210.45,4193758
2023-03-20,216.98,218.7,215.59,217.31,1176894
2023-03-21,217.64,219.42,214.17,215.95,2956079
2023-03-22,224.57,226.16,221.64,223.23,6085054
2023-03-23,219.34,220.45,217.6,218.71,3400444
2023-03-24,217.06,219.49,214.26,216.68,4361822
2023-03-27,217.61,219.02,216.28,217.7,1862124
2023-03-28,213.65,216.8,211.76,214.91,4474652
2023-03-29,216.08,216.59,215.79,216.29,6052528
2023-03-30,217.06,219.2,214.82,216.96,5004877
2023-03-31,217.26,219.49,214.79,217.03,4896688
2023-04-03,211.38,212.9,209.4,210.91,7402087
2023-04-04,213.66,215.44,210.96,212.74,2638723
2023-04-05,220.28,222.75,218.5,220.97,3096138
2023-04-06,215.24,217.1,214.06,215.92,5361039
2023-04-07,214.81,216.58,211.58,213.35,4361325
2023-04-10,209.44,210.54,207.57,208.67,7854611
2023-04-11,213.34,214.93,212.15,213.73,1417754
2023-04-12,217.81,219.98,215.75,217.92,1856765
2023-04-13,218.95,221.04,216.96,219.05,3393969
2023-04-14,211.94,213.08,210.76,211.9,4209395
2023-04-17,216.99,218.13,215.39,216.52,7233184
2023-04-18,215.44,216.61,211.73,212.9,4459111
2023-04-19,215.16,217.03,213.1,214.97,4060053
2023-04-20,219.81,220.81,218.15,219.15,2167580
2023-04-21,211.01,214.37,209.33,212.69,4039728
2023-04-24,209.13,211.49,207.26,209.62,4721061
2023-04-25,213.78,215.24,211.1,212.56,5086484
2023-04-26,219.44,221.44,217.03,219.04,5241840
2023-04-27,213.78,219.52,212.43,218.17,4007480
2023-04-28,209.98,211.38,207.92,209.31,2101411
2023-05-01,211.26,212.27,208.33,209.34,2069119
2023-05-02,209.38,213.38,207.37,211.37,2083067
2023-05-03,212.13,213.25,209.5,210.61,5330105
2023-05-04,208.79,213.23,207.11,211.56,6994441
2023-05-05,210.09,211.56,207.69,209.15,7181798
2023-05-08,210.79,211.77,209.82,210.8,3179712
2023-05-09,211.12,214.67,209.93,213.47,1557403
2023-05-10,212.12,214.32,209.49,211.68,5412333
2023-05-11,212.0,213.6,209.25,210.85,1268646
2023-05-12,210.29,211.28,208.93,209.92,5387411
2023-05-15,206.25,207.9,204.01,205.66,3681717
2023-05-16,210.85,212.69,209.42,211.26,6874196
2023-05-17,208.85,213.94,205.62,210.71,5377616
2023-05-18,207.31,208.95,204.98,206.62,6179262
2023-05-19,205.11,206.41,202.05,203.36,3840069
2023-05-22,209.36,211.57,206.02,208.23,6884035
2023-05-23,204.5,207.07,203.92,206.49,4675899
2023-05-24,211.66,214.72,210.11,213.17,5376503
2023-05-25,205.65,209.0,203.16,206.5,3524388
2023-05-26,204.21,207.24,202.77,205.8,4146200
2023-05-29,210.34,210.98,209.67,210.3,6881002
2023-05-30,204.15,205.45,202.45,203.75,3754965
2023-05-31,202.6,206.25,200.37,204.03,1149649
2023-06-01,211.72,213.41,209.26,210.95,3653208
2023-06-02,202.96,204.04,201.28,202.36,3743712
2023-06-05,202.95,204.66,201.79,203.5,3928751
2023-06-06,203.97,205.36,202.75,204.14,1494630
2023-06-07,206.34,209.97,204.66,208.29,1905164
2023-06-08,204.33,206.83,202.16,204.66,3268260
2023-06-09,202.59,204.61,200.55,202.58,3967708
2023-06-12,202.66,204.39,200.76,202.49,1203091
2023-06-13,200.8,201.63,199.58,200.42,3726114
2023-06-14,203.32,204.16,202.24,203.07,3240889
2023-06-15,202.47,204.5,200.7,202.73,1242001
2023-06-16,196.67,197.5,195.56,196.38,2752857
2023-06-19,198.41,199.79,196.02,197.4,2925915
2023-06-20,200.37,202.12,198.72,200.46,2004708
2023-06-21,202.44,203.37,201.19,202.12,6263348
2023-06-22,201.81,202.99,200.82,,1506616
2023-06-23,198.76,200.86,197.3,199.4,5045618
2023-06-26,197.09,198.84,194.81,196.56,5657351
2023-06-27,200.99,203.57,198.96,201.54,6643172
2023-06-28,205.12,206.92,202.93,204.73,4819074
2023-06-29,198.86,200.4,197.29,198.83,4798816
2023-06-30,197.47,198.9,196.35,197.78,6325652
2023-07-03,194.5,195.8,193.54,194.83,6978586
2023-07-04,197.29,199.05,196.05,197.8,2476636
2023-07-05,200.93,204.28,199.23,202.58,6572469
2023-07-06,199.28,200.95,197.23,198.9,4236586
2023-07-07,190.52,190.97,189.84,190.29,1687991
2023-07-10,195.78,196.89,193.83,194.93,5286994
2023-07-11,197.93,200.56,195.83,198.46,7839044
2023-07-12,199.12,200.66,195.68,197.22,1984926
2023-07-13,198.51,199.68,197.72,198.89,1103232
2023-07-14,191.02,194.57,188.34,191.89,7415634
2023-07-17,187.84,190.32,186.36,188.84,5177866
2023-07-18,192.75,196.17,191.05,194.48,2533656
2023-07-19,193.25,194.95,190.01,191.71,6547580
2023-07-20,195.96,197.28,193.27,194.59,3755765
2023-07-21,196.24,197.37,194.5,195.64,3323258
2023-07-24,185.65,189.11,183.09,186.55,3028643
2023-07-25,192.62,194.62,188.81,190.81,5189988
2023-07-26,193.57,195.83,191.66,193.92,1941791
2023-07-27,194.95,197.0,193.16,195.22,3534857
2023-07-28,193.2,194.2,190.77,191.76,3135546
2023-07-31,196.54,198.68,193.74,195.88,1424304
2023-08-01,199.84,200.92,196.56,197.64,6342092
2023-08-02,198.42,200.06,196.53,198.17,1059230
2023-08-03,195.54,196.62,194.86,195.94,7718049
2023-08-04,193.55,194.64,193.07,194.16,1664034
2023-08-07,187.77,191.28,186.12,189.62,3507646
2023-08-08,195.3,196.68,194.21,195.58,1688867
2023-08-09,193.78,194.29,192.13,192.64,3568133
2023-08-10,197.28,199.05,194.91,196.68,5276228
2023-08-11,194.61,197.17,192.03,194.59,1612367
2023-08-14,189.93,193.12,187.74,190.93,4681056
2023-08-15,192.11,193.48,190.52,191.89,6403136
2023-08-16,196.26,197.76,193.74,195.25,4188243
2023-08-17,186.23,188.17,183.86,185.8,1787119
2023-08-18,191.82,193.88,189.6,191.66,5843450
2023-08-21,188.98,191.1,187.65,189.78,2305368
2023-08-22,193.34,194.85,190.95,192.47,1117782
2023-08-23,193.26,198.04,191.61,196.39,4057516
2023-08-24,193.81,195.59,191.65,193.43,2896884
2023-08-25,190.18,191.61,186.18,187.61,1199346
2023-08-28,186.67,189.62,185.23,188.18,6441749
2023-08-29,190.18,192.61,187.99,190.42,5198128
2023-08-30,192.08,194.19,189.98,192.09,7369839
2023-08-31,189.98,192.19,188.25,190.45,4362587
2023-09-01,190.37,192.73,186.97,189.33,4068356
2023-09-04,184.08,185.39,182.3,183.61,6898386
2023-09-05,189.15,191.46,186.68,189.0,1570387
2023-09-06,195.32,197.09,192.75,194.52,3531679
2023-09-07,186.24,189.37,183.08,186.22,6591101
2023-09-08,191.64,192.54,187.56,188.46,3047789
2023-09-11,185.48,186.63,184.17,185.32,7196193
2023-09-12,188.53,190.24,186.62,188.33,2988228
2023-09-13,187.84,191.24,186.14,189.55,3895621
2023-09-14,189.75,192.77,187.28,190.3,7281561
2023-09-15,193.86,195.03,191.55,192.71,2703486
2023-09-18,182.96,186.25,181.01,184.3,7776789
2023-09-19,184.47,188.7,182.38,186.62,1307801
2023-09-20,188.2,190.05,186.32,188.17,2860594
2023-09-21,195.82,196.84,193.43,194.45,5137579
2023-09-22,186.25,188.45,184.0,186.21,5158804
2023-09-25,186.24,188.69,184.13,186.58,7369086
2023-09-26,185.79,189.45,183.99,187.65,7718688
2023-09-27,189.07,190.68,187.02,188.62,5745216
2023-09-28,190.44,192.05,188.16,189.77,5618170
2023-09-29,192.18,195.42,190.72,,3220740
2023-10-02,192.18,194.0,189.23,191.05,6639552
2023-10-03,189.01,190.53,186.73,188.25,5500218
2023-10-04,195.09,196.16,192.88,193.96,1168505
2023-10-05,190.66,191.63,189.1,190.07,6824478
2023-10-06,185.4,186.53,183.62,184.75,3517624
2023-10-09,191.84,193.45,189.71,191.32,4330810
2023-10-10,194.91,196.4,192.55,194.04,4402699
2023-10-11,194.13,197.56,192.52,195.95,6738239
2023-10-12,189.18,192.43,187.43,190.68,2875477
2023-10-13,187.89,189.81,186.7,188.62,3743367
2023-10-16,189.4,191.77,187.17,189.53,1273855
2023-10-17,191.75,193.11,189.99,191.36,3439539
2023-10-18,192.65,193.93,191.04,192.33,1618584
2023-10-19,189.29,191.03,186.43,188.17,5080920
2023-10-20,191.03,191.61,189.3,189.88,7252349
2023-10-23,190.36,192.34,189.26,191.24,4252804
2023-10-24,187.92,189.91,185.69,187.68,7384739
2023-10-25,194.08,195.56,193.45,194.93,7839783
2023-10-26,193.18,195.43,191.12,193.37,1376624
2023-10-27,192.66,194.92,190.08,192.34,4614725
2023-10-30,188.28,193.0,186.96,191.69,4697953
2023-10-31,192.93,194.58,188.88,190.52,3696204
2023-11-01,191.2,193.26,188.57,190.63,6813282
2023-11-02,192.27,194.13,191.0,192.87,3764534
2023-11-03,195.46,197.39,191.6,193.53,1386339
2023-11-06,188.82,190.33,187.65,189.17,4835579
2023-11-07,191.26,192.52,189.87,191.13,2413359
2023-11-08,189.89,191.48,188.79,190.38,3484384
2023-11-09,200.45,202.12,197.12,198.8,4513226
2023-11-10,193.9,196.08,191.82,194.01,6060346
2023-11-13,193.47,194.88,191.91,193.32,2947122
2023-11-14,197.98,198.85,195.92,196.78,3664640
2023-11-15,199.32,200.28,197.78,198.73,1475316
2023-11-16,195.72,197.47,194.02,195.78,3689010
2023-11-17,194.51,196.93,190.98,193.4,5061601
2023-11-20,194.28,195.98,190.05,191.74,5318812
2023-11-21,202.11,203.42,200.49,201.8,3052668
2023-11-22,198.88,200.76,196.88,198.76,1425928
2023-11-23,196.23,197.61,194.67,196.06,5041175
2023-11-24,197.11,198.42,194.49,195.8,5587484
2023-11-27,190.66,192.28,189.64,191.26,1596199
2023-11-28,200.11,202.59,197.9,200.38,4534805
2023-11-29,195.0,196.77,194.77,196.54,1665589
2023-11-30,196.74,199.82,194.84,197.92,4171182
2023-12-01,196.4,198.18,195.13,196.92,5485903
2023-12-04,194.41,195.76,193.12,194.47,6034770
2023-12-05,197.99,200.33,193.87,196.22,5996485
2023-12-06,198.43,199.57,196.75,197.89,6307790
2023-12-07,196.03,198.11,194.87,196.95,2688652
2023-12-08,192.94,195.11,191.51,,6923826
2023-12-11,194.9,196.61,191.82,193.52,3447710
2023-12-12,201.92,203.19,199.51,200.79,3623621
2023-12-13,199.06,199.77,198.32,199.03,6513092
2023-12-14,195.97,197.48,194.9,196.41,3289263
2023-12-15,194.68,196.82,191.41,193.56,1524119
2023-12-18,195.92,198.45,194.38,196.91,6000394
2023-12-19,198.93,200.65,196.81,198.54,5634713
2023-12-20,202.3,203.67,198.66,200.03,5072634
2023-12-21,197.15,198.32,195.78,196.95,2002965
2023-12-22,195.07,198.19,192.74,195.85,5422610
2023-12-25,192.06,193.47,190.25,191.65,2388862
2023-12-26,194.53,196.27,193.25,195.0,4888660
2023-12-27,198.25,201.69,196.2,199.65,4555469
2023-12-28,199.54,200.68,197.7,198.84,6408851
2023-12-29,192.85,194.05,190.53,191.73,7836066
2024-01-01,190.84,192.66,189.34,191.15,2330286
2024-01-02,194.61,196.48,193.11,194.98,1802969
2024-01-03,200.04,202.63,198.41,201.0,4889984
2024-01-04,191.4,194.1,188.86,191.55,7663891
2024-01-05,192.67,194.9,191.0,193.23,2106712
2024-01-08,187.14,188.47,186.83,188.15,4411716
2024-01-09,193.8,195.46,190.24,191.9,3850763
2024-01-10,195.68,197.2,193.7,195.22,3226285
2024-01-11,194.58,196.1,192.48,194.0,5647956
2024-01-12,191.98,193.61,189.48,191.1,3068386
2024-01-15,192.61,194.09,190.35,191.84,4451501
2024-01-16,193.08,194.97,191.61,193.5,6917824
2024-01-17,193.7,195.5,191.62,193.43,3657140
2024-01-18,198.07,199.57,196.84,198.34,1147716
2024-01-19,195.37,196.39,193.9,194.93,7194790
2024-01-22,195.1,198.12,191.75,194.76,2921521
2024-01-23,190.45,191.97,189.31,190.83,6409780
2024-01-24,196.2,199.08,194.65,197.53,6339447
2024-01-25,197.76,198.51,196.86,197.62,4684035
2024-01-26,189.76,191.52,188.2,189.96,1614720
2024-01-29,189.91,192.83,188.87,191.8,7650372
2024-01-30,194.66,195.93,192.87,194.15,5766113
2024-01-31,202.42,204.44,199.43,201.45,3970557
2024-02-01,202.73,204.46,198.46,200.2,6977241
2024-02-02,187.98,190.15,186.19,188.37,6516510
2024-02-05,197.64,198.79,197.03,198.18,6322124
2024-02-06,190.13,193.66,187.71,191.24,2175553
2024-02-07,198.07,198.97,196.96,197.86,5429898
2024-02-08,197.49,199.76,195.03,197.29,3000547
2024-02-09,188.84,191.66,186.83,189.65,1549390
2024-02-12,192.48,194.44,190.69,192.65,3366599
2024-02-13,192.14,195.19,191.07,194.12,1728220
2024-02-14,199.15,200.73,196.65,198.22,1740745
2024-02-15,196.01,198.04,194.74,196.78,6089276
2024-02-16,197.34,198.88,195.82,197.37,4512633
2024-02-19,192.17,194.97,190.8,193.6,3785109
2024-02-20,194.37,195.43,193.89,194.95,2345820
2024-02-21,200.26,202.6,198.19,200.54,6396687
2024-02-22,198.5,199.97,197.04,198.51,5439301
2024-02-23,196.33,197.59,194.59,195.85,5099104
2024-02-26,192.51,193.73,189.85,191.07,2330646
2024-02-27,193.97,195.65,191.56,193.24,1864836
2024-02-28,197.77,198.82,195.75,196.8,1864543
2024-02-29,196.94,197.31,195.12,195.49,1175291
2024-03-01,197.07,198.77,194.79,196.5,7783607
2024-03-04,195.98,197.78,194.22,196.02,3574183
2024-03-05,196.35,197.75,193.94,195.34,5607682
2024-03-06,202.83,203.76,200.83,201.76,7875707
2024-03-07,200.85,202.4,198.66,200.21,7555156
2024-03-08,193.21,195.43,192.44,194.66,3244076
2024-03-11,190.96,192.79,189.97,191.8,4429214
2024-03-12,199.93,201.33,198.8,200.2,4241284
2024-03-13,198.99,200.91,196.28,198.21,1233817
2024-03-14,197.54,198.88,196.22,197.56,6378057
2024-03-15,194.51,195.79,192.1,193.38,5020598
2024-03-18,192.3,194.78,188.51,190.98,3600172
2024-03-19,192.83,194.5,189.95,191.63,4908302
2024-03-20,200.66,202.33,197.79,199.45,6148184
2024-03-21,193.3,195.66,191.99,194.34,1104829
2024-03-22,201.88,203.08,200.19,201.4,5522326
2024-03-25,189.36,190.37,188.95,189.96,7028694
2024-03-26,190.26,193.89,188.27,191.91,6084837
2024-03-27,197.84,199.86,196.12,198.13,5339794
2024-03-28,201.58,202.99,198.84,200.25,1633810
2024-03-29,194.64,196.07,192.75,194.18,6212838
2024-04-01,196.9,198.77,193.02,194.88,6254687
2024-04-02,190.68,191.41,189.78,190.51,4457447
2024-04-03,198.41,199.61,194.75,195.96,5078622
2024-04-04,194.37,195.31,193.26,194.2,5328817
2024-04-05,188.69,191.07,186.28,188.67,1847866
2024-04-08,191.48,194.7,189.55,192.76,2802289
2024-04-09,190.34,190.74,188.83,189.23,6546119
2024-04-10,193.47,194.71,192.73,193.97,7816304
2024-04-11,194.43,196.51,193.0,195.08,2890667
2024-04-12,192.86,194.13,190.32,,3805040
2024-04-15,195.44,196.28,193.45,194.28,7407052
2024-04-16,197.88,200.36,194.28,196.75,2136286
2024-04-17,199.02,201.04,197.36,199.38,2828275
2024-04-18,197.94,199.73,196.21,197.99,1391407
2024-04-19,195.98,197.19,194.82,196.04,2643386
2024-04-22,192.39,194.26,189.75,191.61,5453203
2024-04-23,196.21,197.52,193.34,194.65,3437573
2024-04-24,198.25,199.61,196.53,197.89,7883658
2024-04-25,197.62,199.43,193.84,195.65,7240886
2024-04-26,192.47,193.15,190.88,191.57,7270561
2024-04-29,190.25,192.78,187.95,190.48,6084599
2024-04-30,192.1,193.69,189.68,191.27,5914731
2024-05-01,198.88,201.02,195.04,197.18,4567672
2024-05-02,196.79,197.75,193.83,194.79,7934185
2024-05-03,191.88,192.92,189.66,190.7,1667561
2024-05-06,189.13,190.05,188.19,189.1,6059797
2024-05-07,190.48,192.32,188.86,190.7,1981792
2024-05-08,199.24,200.77,197.13,198.66,3374757
2024-05-09,197.14,198.4,194.19,195.46,2789342
2024-05-10,190.93,191.92,189.5,190.5,5208526
2024-05-13,193.72,194.59,192.4,193.27,6510477
2024-05-14,192.62,194.1,191.09,192.57,1558366
2024-05-15,192.29,193.88,191.02,192.62,5211570
2024-05-16,197.58,198.9,196.42,197.74,2551777
2024-05-17,190.98,193.26,188.58,190.85,1538989
2024-05-20,191.81,193.27,188.63,190.09,3922781
2024-05-21,193.54,195.91,191.4,193.78,5068863
2024-05-22,198.98,200.21,197.69,198.93,2412729
2024-05-23,194.65,197.14,193.03,195.52,3728629
2024-05-24,190.39,191.86,188.2,189.67,7674507
2024-05-27,194.75,195.4,192.73,193.38,3427282
2024-05-28,194.59,196.81,190.75,192.97,7969182
2024-05-29,202.26,203.69,200.63,202.06,6839551
2024-05-30,196.49,198.37,194.05,195.92,3596551
2024-05-31,187.88,189.16,186.76,188.04,5037655
2024-06-03,194.74,196.16,192.79,194.21,5964602
2024-06-04,200.51,201.58,199.13,,4252499
2024-06-05,202.51,204.63,200.34,202.46,3854395
2024-06-06,202.8,204.46,201.01,202.66,3308155
2024-06-07,193.6,195.28,191.47,193.15,1976564
2024-06-10,196.9,199.37,194.72,197.19,1174506
2024-06-11,195.15,197.47,193.07,195.39,3358487
2024-06-12,201.75,203.63,198.16,200.04,6570173
2024-06-13,198.38,199.17,194.88,195.67,2633601
2024-06-14,193.83,196.19,192.68,195.04,2258236
2024-06-17,192.99,195.25,192.0,194.25,3296547
2024-06-18,199.28,202.1,197.42,200.24,5192268
2024-06-19,202.59,204.28,201.01,202.69,2505151
2024-06-20,201.87,202.67,200.17,200.97,2542763
2024-06-21,195.04,196.45,193.05,194.45,1786415
2024-06-24,196.75,197.51,195.83,196.58,3325467
2024-06-25,198.34,199.81,196.33,197.81,2521999
2024-06-26,203.23,204.59,202.55,203.92,6818441
2024-06-27,203.39,205.4,201.63,203.63,7340299
2024-06-28,200.02,201.73,198.33,200.04,3593545
2024-07-01,193.3,197.34,190.84,194.88,1596551
2024-07-02,191.17,194.26,189.25,192.33,1612183
2024-07-03,195.92,198.33,194.63,197.04,3273296
2024-07-04,203.97,205.88,201.3,203.2,4244286
2024-07-05,195.78,196.58,194.73,195.53,4699149
2024-07-08,195.0,196.02,193.37,194.39,3128944
2024-07-09,200.75,204.26,199.08,202.59,3481588
2024-07-10,202.77,204.68,202.35,204.25,2985798
2024-07-11,200.62,202.1,198.47,199.96,4623249
2024-07-12,194.3,198.07,193.31,197.08,5878303
2024-07-15,197.99,199.54,195.21,196.77,1303940
2024-07-16,198.44,201.23,197.48,200.27,4350991
2024-07-17,207.92,209.63,205.36,207.07,5539987
2024-07-18,203.16,205.56,201.65,204.05,5707868
2024-07-19,203.15,205.35,199.9,202.1,4944351
2024-07-22,205.56,207.06,200.84,202.35,4675992
2024-07-23,196.63,200.02,195.51,198.9,5766763
2024-07-24,207.12,208.5,205.05,206.43,3648621
2024-07-25,201.34,203.97,200.51,203.14,4970804
2024-07-26,195.3,197.01,193.17,194.88,3236246
2024-07-29,195.58,197.58,193.78,195.78,4065325
2024-07-30,201.19,203.93,198.33,201.06,1868597
2024-07-31,207.44,209.54,206.25,208.35,3450990
2024-08-01,207.53,208.89,205.38,206.75,1994573
2024-08-02,203.6,206.26,202.39,205.05,2585046
2024-08-05,210.26,211.86,207.41,209.02,3936247
2024-08-06,203.49,205.59,201.8,203.9,4500474
2024-08-07,207.91,210.78,206.43,209.31,7593932
2024-08-08,210.84,212.88,207.2,209.25,1182367
2024-08-09,204.23,205.49,203.04,204.3,7289936
2024-08-12,207.93,209.92,204.03,206.02,3297685
2024-08-13,205.78,207.55,202.79,204.56,6069156
2024-08-14,213.4,215.7,211.91,214.2,5745106
2024-08-15,207.83,209.26,206.49,207.91,7795930
2024-08-16,211.79,214.5,208.95,211.67,1761019
2024-08-19,206.83,207.92,204.21,205.3,7770305
2024-08-20,211.05,212.7,208.96,210.61,1440238
2024-08-21,211.13,212.25,209.83,210.95,7141146
2024-08-22,210.27,212.87,207.88,210.47,5565250
2024-08-23,205.72,207.71,203.77,205.77,4373399
2024-08-26,208.24,209.4,205.77,206.93,3784423
2024-08-27,210.01,211.77,208.25,210.01,1655177
2024-08-28,210.28,212.3,208.65,210.68,6612775
2024-08-29,210.7,212.51,209.46,211.27,6095660
2024-08-30,206.9,209.33,205.02,207.45,7561179
2024-09-02,213.46,216.55,211.76,214.86,6112934
2024-09-03,210.96,213.32,209.35,211.71,7699283
2024-09-04,220.16,221.64,217.18,218.66,7207644
2024-09-05,213.65,215.57,211.94,213.86,3979149
2024-09-06,213.38,215.0,211.06,212.68,5926048
2024-09-09,206.05,210.06,204.52,208.53,2850290
2024-09-10,213.64,214.82,211.9,213.08,6566622
2024-09-11,217.56,220.06,215.21,217.72,5260296
2024-09-12,219.68,221.13,218.7,220.16,4082281
2024-09-13,214.62,216.34,212.73,214.44,5397350
2024-09-16,216.44,218.27,215.1,216.93,2940309
2024-09-17,215.4,219.9,213.02,217.52,5356414
2024-09-18,223.58,224.63,221.61,222.66,4323682
2024-09-19,217.98,219.11,216.6,217.74,3252450
2024-09-20,220.72,222.05,219.71,221.04,7828702
2024-09-23,212.28,214.9,210.61,213.24,1446262
2024-09-24,213.34,215.62,212.53,214.81,6303892
2024-09-25,216.73,217.99,215.25,216.51,2470033
2024-09-26,226.08,226.5,224.04,224.46,2557640
2024-09-27,218.74,220.36,216.91,218.53,2080935
2024-09-30,213.36,215.99,212.11,214.74,1716863
